,city,country,latitude,longitude,temperature,max temperature,wind speed,cloudiness,humidity
1,Port Alfred,ZA,-33.5906,26.891,59.5,59.5,13.11,0,75
2,Chibombo,ZM,-14.6569,28.0706,60.66,60.66,9.37,0,66
3,Iqaluit,CA,63.7506,-68.5145,46.13,46.13,4.61,90,87
5,Rikitea,PF,-23.1203,-134.9692,74.7,74.7,12.64,0,74
6,Bam,IR,29.106,58.357,88.9,88.9,7.09,2,12
8,Port Elizabeth,ZA,-33.918,25.5701,57.49,57.49,9.22,40,88
9,Namikupa,TZ,-10.8333,39.6,64,64,3.67,0,96
10,New Norfolk,AU,-42.7826,147.0587,38.23,40.5,1.01,100,82
11,East London,ZA,-33.0153,27.9116,60.03,60.03,9.33,0,71
12,Castro,BR,-24.7911,-50.0119,62.11,62.11,1.45,25,77
13,Mandalgovi,MN,45.7625,106.2708,63.25,63.25,8.28,43,57
14,Tuktoyaktuk,CA,69.4541,-133.0374,53.6,53.6,13.8,90,66
16,Punta Arenas,CL,-53.15,-70.9167,41.11,41.11,6.91,75,93
17,Nikolskoye,RU,59.7035,30.7861,58.89,60.03,10.22,27,78
18,Hong Kong,HK,22.2855,114.1577,80.55,82.36,4.54,64,86
19,Carlsbad,US,33.1581,-117.3506,82.38,102.76,5.99,1,68
21,Butaritari,KI,3.0707,172.7902,82.8,82.8,8.84,25,73
22,Port Blair,IN,11.6667,92.75,78.93,78.93,13.04,100,87
23,Vaini,TO,-21.2,-175.2,69.96,69.96,8.05,75,73
24,Yellowknife,CA,62.456,-114.3525,63.12,63.12,11.5,75,63
25,Puerto Ayora,EC,-0.7393,-90.3518,71.55,76.96,3,85,90
26,Busselton,AU,-33.65,115.3333,53.04,53.04,10.54,0,72
27,Pisco,PE,-13.7,-76.2167,64.45,66.02,10.36,0,77
28,Albany,US,42.6001,-73.9662,75.09,79.3,3.49,100,52
29,Mar del Plata,AR,-38.0023,-57.5575,53.62,53.62,10.36,0,87
30,Avera,US,33.194,-82.5271,87.04,89.71,3.76,100,59
31,Bluff,NZ,-46.6,168.3333,52.81,52.81,20.15,99,67
32,Tasiilaq,GL,65.6145,-37.6368,49.23,49.23,6.78,86,69
33,Suntar,RU,62.1444,117.6319,58.59,58.59,2.35,74,99
34,Beisfjord,NO,68.3751,17.5988,55.81,57.04,2.66,95,93
36,Ciudad del Carmen,MX,18.6333,-91.8333,87.84,87.84,10.36,40,70
37,Klaksvík,FO,62.2266,-6.589,47.32,47.32,8.59,19,73
38,Salinas,US,36.6777,-121.6555,69.26,92.05,8.05,1,64
39,Nizwá,OM,22.9333,57.5333,90.03,90.03,2.64,14,40
40,Iraquara,BR,-12.2486,-41.6194,80.31,80.31,5.08,64,43
41,Sarakhs,IR,36.5449,61.1577,69.94,69.94,2.3,0,26
42,Chokurdakh,RU,70.6333,147.9167,41.23,41.23,9.37,69,68
43,Adrar,MR,20.5022,-10.0711,96.91,96.91,12.41,63,11
44,Hof,DE,50.3167,11.9167,67.12,68.63,1.99,91,68
45,Mataura,NZ,-46.1927,168.8643,52.48,52.48,5.1,100,83
46,Snihurivka,UA,47.0758,32.8052,67.98,67.98,5.68,26,38
47,Atuona,PF,-9.8,-139.0333,77.92,77.92,17.47,40,69
48,Necochea,AR,-38.5473,-58.7368,64.04,64.04,7.4,100,51
49,Lorengau,PG,-2.0226,147.2712,79.95,79.95,5.37,91,83
50,Dikson,RU,73.5069,80.5464,45.19,45.19,11.39,100,100
51,Pochutla,MX,15.7432,-96.4661,89.11,89.42,6.96,99,65
52,Buala,SB,-8.145,159.5921,81.41,81.41,7.09,85,79
53,Maragheh,IR,37.3917,46.2398,74.91,74.91,15.95,21,33
54,Nome,US,64.5011,-165.4064,48.27,48.27,4.61,90,87
55,Zhezkazgan,KZ,47.8043,67.7144,67.19,67.19,6.35,5,37
56,San Patricio,US,28.017,-97.5169,92.14,95.09,14.18,39,41
57,Cape Town,ZA,-33.9258,18.4232,51.66,57.11,2.3,0,87
58,Haines Junction,CA,60.7522,-137.5108,55.35,55.35,5.75,80,58
59,Havre-St-Pierre,CA,50.2334,-63.5986,64.76,64.76,17.27,90,77
60,Ushuaia,AR,-54.8,-68.3,49.66,49.66,4.61,20,57
61,Hermanus,ZA,-34.4187,19.2345,51.8,56.89,6.96,22,80
62,Port Augusta,AU,-32.5,137.7667,41.14,41.14,3.22,0,86
63,Linxia Chengguanzhen,CN,35.6003,103.2064,58.14,58.14,2.24,59,88
64,Ancud,CL,-41.8697,-73.8203,48.67,49.23,25.01,100,91
65,Pemba,MZ,-12.974,40.5178,75.9,75.9,23.02,20,78
66,Srednekolymsk,RU,67.45,153.6833,47.97,47.97,6.26,100,58
67,Margate,GB,51.3813,1.3862,62.91,66.9,1.99,39,75
68,Kendari,ID,-3.945,122.4989,72.19,72.19,3.56,25,95
69,Acobamba,PE,-11.3525,-75.6594,58.5,58.5,10.22,77,67
70,Zorritos,PE,-3.6805,-80.6782,77.29,77.29,9.01,50,75
71,Salina,US,38.8403,-97.6114,79.05,89.94,32.21,90,73
72,Ansfelden,AT,47.965,13.0494,63.77,66.38,12.66,75,82
73,Nantucket,US,41.2835,-70.0995,73.49,78.91,13.13,100,76
74,Altay,CN,47.8667,88.1167,59.41,59.41,3.29,90,63
75,Tiksi,RU,71.6872,128.8694,40.8,40.8,5.48,14,91
76,Kamenka,RU,51.3223,42.7678,69.53,69.53,7.87,100,73
78,Dingle,PH,10.9995,122.6711,75.63,75.63,4.59,67,88
79,Gurupi,BR,-11.7292,-49.0686,86.9,86.9,6.11,1,16
81,Avarua,CK,-21.2078,-159.775,75.25,75.25,10.36,75,73
82,Bengkulu,ID,-3.8004,102.2655,74.48,74.48,3.31,88,88
83,Kruisfontein,ZA,-34.0033,24.7314,52.88,52.88,5.19,0,69
84,Cherskiy,RU,68.75,161.3,42.51,42.51,1.66,100,91
85,Saint-Philippe,RE,-21.3585,55.7679,63.14,65.75,12.93,77,81
86,Naze,JP,28.3667,129.4833,77.97,77.97,10.27,100,87
88,Deputatsky,RU,69.3,139.9,41.07,41.07,3.51,100,81
89,Ahipara,NZ,-35.1667,173.1667,52.52,52.52,4.97,13,75
90,Nisibis,TR,37.0778,41.2178,86.61,86.61,7.4,0,23
91,Barrow,US,71.2906,-156.7887,35.62,35.62,19.57,90,80
92,Amazar,RU,53.858,120.875,54.05,54.05,0.98,0,87
94,Tara,RU,56.8944,74.371,58.44,58.44,4.72,100,86
96,Wukari,NG,7.85,9.7833,74.77,74.77,5.41,84,92
97,Airai,TL,-8.9266,125.4092,57.34,57.34,3.49,25,87
98,Lodja,CD,-3.4833,23.4333,78.48,78.48,1.86,84,55
99,Redlands,US,34.0556,-117.1825,98.24,108.55,3,12,31
101,San Cristobal,VE,7.7669,-72.225,80.78,80.78,5.37,38,75
102,Garut,ID,-7.2024,107.8878,67.19,67.19,3.15,82,95
103,Kapaa,US,22.0752,-159.319,80.56,82.72,3,75,72
104,Hilo,US,19.7297,-155.09,78.85,80.33,11.5,90,77
105,Suzun,RU,53.7841,82.3116,54.16,54.16,1.1,51,79
106,Leningradskiy,RU,69.3833,178.4167,33.26,33.26,13.78,99,89
107,Dhandhuka,IN,22.3667,71.9833,84.69,84.69,10.54,64,60
108,Provideniya,RU,64.3833,-173.3,46.51,46.51,11.18,90,81
109,Honggang,CN,46.4667,124.8667,65.34,65.34,4.94,87,81
110,Iralaya,HN,15,-83.2333,87.89,87.89,7.23,28,64
111,Isangel,VU,-19.55,169.2667,62.71,62.71,2.3,75,94
112,Coaldale,CA,49.7167,-112.6185,89.49,95.95,25.32,75,15
113,Saint Paul Harbor,US,57.79,-152.4072,62.11,62.11,8.05,1,48
114,Guilin,CN,25.2819,110.2864,75.31,75.31,0.34,100,97
115,Sabang,ID,5.8933,95.3214,80.53,80.53,11.43,100,74
117,Constitución,CL,-35.3333,-72.4167,51.78,51.78,14.99,100,85
118,Emmett,US,43.8735,-116.4993,95.2,99.48,11.05,80,9
119,Saskylakh,RU,71.9167,114.0833,46.24,46.24,7.07,61,74
120,Husavik,IS,66.0449,-17.3389,57.11,57.11,4.52,27,83
121,Suixi,CN,33.8907,116.7747,71.6,71.6,3.85,100,95
122,Kimbe,PG,-5.5502,150.1429,74.5,74.5,3.69,41,93
123,Fortuna,US,40.5982,-124.1573,68.45,71.92,3,20,76
125,Arraial do Cabo,BR,-22.9661,-42.0278,69.66,69.76,12.66,75,83
126,Sirte,LY,31.2089,16.5887,81.9,81.9,8.95,0,66
128,Ilo,PE,-17.6394,-71.3375,62.38,62.38,8.86,49,74
129,Diego de Almagro,CL,-26.3667,-70.05,72.09,72.09,8.3,5,19
130,Cairns,AU,-16.9167,145.7667,67.53,67.95,10.36,14,92
131,Ust-Maya,RU,60.4167,134.5333,61.84,61.84,2.35,99,90
132,Petropavlovsk-Kamchatskiy,RU,53.0452,158.6483,50.59,50.59,6.71,20,93
133,Matamoros,MX,25.5333,-103.25,91.11,91.51,0,40,32
134,Alyangula,AU,-13.8483,136.4192,71.47,71.47,4.61,90,100
135,Ribeira Grande,PT,38.5167,-28.7,75.6,75.6,0,40,73
136,Saldanha,ZA,-33.0117,17.9442,55.45,55.45,12.3,30,71
137,Vilyuysk,RU,63.7553,121.6247,51.22,51.22,4.18,100,82
138,Tucumcari,US,35.1717,-103.725,84.04,86.94,13.8,1,45
139,Hithadhoo,MV,-0.6,73.0833,82.89,82.89,16.46,100,69
140,Leh,IN,34.1667,77.5833,50.88,50.88,6.42,20,59
141,Qaanaaq,GL,77.484,-69.3632,38.34,38.34,5.28,100,98
142,Ponta do Sol,PT,32.6667,-17.1,79.12,84.83,5.68,4,55
143,Jiayuguan City,CN,39.8167,98.3,73.99,73.99,11.16,18,32
144,Tura,IN,25.5198,90.2201,74.16,74.16,4.12,97,96
145,Kaitangata,NZ,-46.2817,169.8464,44.64,44.64,6.08,100,78
147,Lebu,CL,-37.6167,-73.65,49.98,49.98,24.4,100,91
148,Coquimbo,CL,-29.9533,-71.3436,58.73,58.73,12.66,0,67
149,Sühbaatar,MN,50.2314,106.2078,63.41,63.41,4.16,98,81
150,Cabo San Lucas,MX,22.8909,-109.9124,93.07,97.52,13.8,1,58
151,Upernavik,GL,72.7868,-56.1549,42.15,42.15,7.56,100,96
152,Brockville,CA,44.5834,-75.6826,74.07,76.57,3,4,47
153,Bredasdorp,ZA,-34.5322,20.0403,49.32,51.28,3.44,79,93
154,Kaura Namoda,NG,12.5898,6.5779,76.1,76.1,1.63,95,82
155,Calama,CL,-22.4667,-68.9333,70.29,70.29,20.71,0,14
156,Dāmghān,IR,36.1683,54.348,75.81,75.81,4.68,37,40
157,Pangnirtung,CA,66.1451,-65.7125,46.4,46.4,10.36,75,81
158,Huarmey,PE,-10.0681,-78.1522,67.3,67.3,12.19,38,73
160,Esmeraldas,BR,-19.7625,-44.3139,82.31,83.26,4.18,88,39
161,Saint George,US,37.1041,-113.5841,102.74,105.64,1.99,1,24
162,Chapais,CA,49.7834,-74.8492,71.38,71.38,9.66,39,31
164,Sterling,US,39.0062,-77.4286,80.29,83.39,4.61,90,60
165,Roald,NO,62.5833,6.1333,55.76,59.16,1.14,75,88
166,Warmbad,NA,-28.45,18.7333,62.64,62.64,8.08,0,40
167,Berlevåg,NO,70.8578,29.0864,44.55,44.6,10.36,75,76
168,Sorong,ID,-0.8833,131.25,77.18,77.18,1.21,100,84
169,Launceston,AU,-41.45,147.1667,41.27,45.81,1.01,75,84
171,Çumra,TR,37.5732,32.7745,68.14,68.14,5.26,0,37
172,Tuatapere,NZ,-46.1333,167.6833,52.83,52.83,9.04,100,81
173,Hobart,AU,-42.8794,147.3294,39.58,40.86,3,75,88
174,Alofi,NU,-19.0595,-169.9187,73.29,73.29,14.97,99,78
176,Vila Velha,BR,-20.3297,-40.2925,71.55,71.55,8.05,75,83
177,Ambulu,ID,-8.345,113.6058,72.25,72.25,3.65,45,90
178,Nishihara,JP,26.1842,127.7558,80.31,80.65,6.91,40,95
179,Mossamedes,AO,-15.1961,12.1522,65.75,65.75,6.67,14,92
180,Bonavista,CA,48.6499,-53.1147,80.6,80.6,14.79,74,88
181,São Filipe,CV,14.8961,-24.4956,76.91,76.91,1.61,95,82
182,Agadez,NE,19.75,10.25,93.76,93.76,6.58,99,15
183,Boshnyakovo,RU,49.6333,142.1667,54.99,54.99,6.17,72,80
184,Te Anau,NZ,-45.4167,167.7167,46.31,46.31,10.83,86,87
185,Zhaodong,CN,46.0833,125.9833,59.02,59.02,2.86,22,91
186,Salalah,OM,17.0151,54.0924,78.89,78.89,3.44,90,89
187,Saint Anthony,US,45.0205,-93.218,85.39,88.18,3,1,34
189,Bethel,US,41.3712,-73.414,79.68,83.62,4.61,1,50
190,Quatre Cocos,MU,-20.2078,57.7625,64.09,68.11,13.69,100,68
191,Conceição do Araguaia,BR,-8.2578,-49.2647,96.93,96.93,5.75,0,16
192,Shingū,JP,33.7333,135.9833,76.91,76.91,4.72,99,95
193,Nelson Bay,AU,-32.7167,152.15,47.26,55.76,16.51,0,75
194,Redmond,US,47.674,-122.1215,83.79,92.98,1.01,44,53
195,Grand Gaube,MU,-20.0064,57.6608,64.38,68.4,1.99,82,79
197,Kuvshinovo,RU,57.0295,34.1725,60.48,60.48,5.46,98,80
198,Honiara,SB,-9.4333,159.95,77.02,77.02,7.96,92,89
199,Pervomayskiy,RU,53.2485,40.2871,66.83,66.83,5.5,52,52
200,Lázaro Cárdenas,MX,17.9583,-102.2,86.65,86.65,7.29,33,69
201,Boyuibe,BO,-20.4167,-63.2833,80.51,80.51,7.18,41,24
202,Chālūs,IR,36.655,51.4204,76.46,76.46,2.3,20,78
203,Bambous Virieux,MU,-20.3428,57.7575,68.25,68.25,12.66,40,68
204,Teknāf,BD,20.8624,92.3058,78.66,78.66,9.22,100,91
205,Clyde River,CA,70.4692,-68.5914,45.16,45.16,2.17,96,78
206,Laguna,US,38.421,-121.4238,89.28,102.63,5.75,1,37
207,Maués,BR,-3.3836,-57.7186,83.82,83.82,1.28,90,67
208,Aklavik,CA,68.2191,-135.0107,58.03,58.03,7.63,100,49
209,Iracoubo,GF,5.4802,-53.2011,75.36,75.36,9.28,100,84
210,Buin,CL,-33.7333,-70.75,54.09,55.72,4.5,100,57
211,Kamuli,UG,0.9472,33.1197,63.66,63.66,1.61,61,78
213,Yulara,AU,-25.2406,130.9889,51.64,51.64,5.75,40,40
214,Baringo,KE,0.4667,35.9667,68.41,68.41,9.01,71,70
215,Daye,CN,30.0833,114.95,74.08,74.08,1.07,99,95
216,Esperance,AU,-33.8667,121.9,48.04,48.04,7.94,0,88
217,Erenhot,CN,43.6475,111.9767,69.98,69.98,7.25,0,57
218,Imeni Poliny Osipenko,RU,52.4201,136.4853,60.04,60.04,4.5,70,88
219,Carnarvon,AU,-24.8667,113.6333,57.27,57.27,5.75,75,53
220,Ol'ga,RU,43.7444,135.2892,55.81,55.81,2.48,43,92
221,Ostrovnoy,RU,68.0531,39.5131,54.09,54.09,6.2,100,97
222,Ljungby,SE,56.8332,13.9408,58.5,59.41,5.55,90,87
223,Puerto Escondido,MX,15.85,-97.0667,88.63,88.63,5.75,40,58
224,Sompeta,IN,18.9333,84.6,82.18,82.18,3.96,68,82
225,Novobirilyussy,RU,56.9514,90.6661,57.04,57.04,3.49,53,70
226,Sitka,US,57.0531,-135.33,53.49,53.49,0,75,82
227,Câmara de Lobos,PT,32.6333,-16.9667,84.83,84.83,23.02,20,13
228,Pangody,RU,65.85,74.4859,50.58,50.58,14.07,60,82
229,Kyabé,TD,9.4515,18.9449,73.78,73.78,0.63,79,93
230,Rapid Valley,US,44.0625,-103.1463,95.31,97.57,3,1,17
231,Tomatlán,MX,19.9333,-105.25,91.02,91.02,7.78,92,60
232,Uyuni,BO,-20.4597,-66.825,49.69,49.69,11.68,2,10
233,Pevek,RU,69.7008,170.3133,32.7,32.7,4.25,100,97
234,Kashgar,CN,39.4547,75.9797,69.01,69.01,4.47,99,28
235,Irondequoit,US,43.2134,-77.5797,72.84,76.12,3,75,59
236,Torbay,CA,47.6666,-52.7314,78.75,79.75,12.66,75,77
237,Bajos de Haina,DO,18.4154,-70.0332,82.94,84.13,0,75,82
238,Nekrasovskoye,RU,57.6766,40.3657,67.89,67.89,6.71,0,68
239,Padang,ID,-0.9492,100.3543,77.32,77.32,3.74,98,86
240,Weligama,LK,5.9667,80.4167,77.72,77.72,12.62,100,87
241,Kawalu,ID,-7.3817,108.2082,71.64,71.64,1.95,91,97
242,Nanortalik,GL,60.1432,-45.2371,48.79,48.79,10.83,100,96
243,Birao,CF,10.2849,22.7882,71.87,71.87,2.37,63,91
244,Borovskoy,KZ,53.8,64.15,71.69,71.69,7.34,98,56
245,Los Llanos de Aridane,ES,28.6585,-17.9182,73.15,73.15,17.27,0,78
246,Makakilo City,US,21.3469,-158.0858,82.47,82.72,12.66,75,56
248,Port Hawkesbury,CA,45.6169,-61.3485,77.92,81.43,5.01,1,73
249,Açucena,BR,-19.0731,-42.5464,79.32,79.32,4.14,14,57
250,Nyurba,RU,63.2842,118.3319,52.32,52.32,5.46,97,94
251,Ndago,TZ,-4.6,34.35,66.36,66.36,13.73,79,46
252,Kloulklubed,PW,7.0419,134.2556,77.5,77.5,9.98,51,73
254,Vila Franca do Campo,PT,37.7167,-25.4333,75.61,75.61,8.03,24,93
255,Balkhash,KZ,46.844,74.9804,62.98,62.98,12.26,96,60
256,Cidreira,BR,-30.1811,-50.2056,58.19,58.19,5.68,45,95
258,La Crosse,US,43.8014,-91.2396,81.01,82.42,5.01,1,47
259,Zyryanka,RU,65.75,150.85,51.12,51.12,3.06,100,59
260,Matagami,CA,49.7502,-77.6328,73.51,73.51,16.11,1,40
261,Xining,CN,36.6167,101.7667,54.75,54.75,1.97,13,80
262,Kiryat Gat,IL,31.61,34.7642,77.29,81.28,3.67,0,100
263,Havelock,US,34.8791,-76.9013,86.67,89.94,5.01,20,81
264,Port Lincoln,AU,-34.7333,135.8667,55.06,55.06,9.28,100,69
265,Qaqortoq,GL,60.7167,-46.0333,61.3,61.3,9.91,100,97
266,Quimper,FR,48,-4.1,61.38,61.63,11.5,75,94
267,Tabou,CI,4.423,-7.3528,76.24,76.24,8.84,28,73
268,Bhādāsar,IN,28.2833,74.3167,91.6,91.6,7.9,5,39
269,Homer,US,59.6425,-151.5483,54.77,57.07,8.05,1,77
270,Katobu,ID,-4.9408,122.5276,73.15,73.15,2.91,12,95
271,Dalby,AU,-27.1833,151.2667,43.5,43.5,6.53,12,73
272,Great Falls,US,47.5002,-111.3008,93.74,95.92,17.27,1,16
273,Biltine,TD,14.5333,20.9167,76.95,76.95,7.16,98,65
274,Jamestown,US,42.097,-79.2353,73.36,78.3,6.91,1,49
275,Malanje,AO,-9.5402,16.341,75.18,75.18,5.32,86,46
276,Dhidhdhoo,MV,6.8833,73.1,81.82,81.82,16.71,99,77
278,Flinders,AU,-34.5833,150.8552,57.63,58.17,7,0,46
279,Yeppoon,AU,-23.1333,150.7333,56.98,56.98,6.17,34,86
280,Mtwara,TZ,-10.2667,40.1833,71.92,71.92,11.43,0,85
281,Potiskum,NG,11.7091,11.0694,77.49,77.49,6.73,100,78
282,Bashtanka,UA,47.4072,32.4387,67.68,67.68,5.41,19,40
283,Caborca,MX,30.5838,-111.101,87.49,87.49,4.05,94,45
284,Duyun,CN,26.2667,107.5167,69.67,69.67,1.95,100,100
285,Abu Samrah,SY,35.3029,37.1841,77.97,77.97,12.35,0,48
286,Tanem,NO,63.3078,10.4319,50.14,53.49,2.17,100,93
287,Severodvinsk,RU,64.5635,39.8302,59.11,59.11,10.49,85,94
288,Yaring,TH,6.8662,101.3689,78.67,78.67,3.42,100,82
289,Khatanga,RU,71.9667,102.5,55.83,55.83,14.47,100,57
290,Hay River,CA,60.8156,-115.7999,60.78,60.78,10.36,75,77
291,Longhua,CN,23.6137,114.1919,76.06,76.06,0.51,98,97
292,Bilma,NE,18.6853,12.9164,94.78,94.78,7.7,22,28
293,Coremas,BR,-7.0144,-37.9458,85.93,85.93,14.45,78,37
294,Pemangkat,ID,1.1667,108.9667,76.3,76.3,3.98,83,87
295,Mount Kisco,US,41.2043,-73.7271,80.02,84.9,1.01,20,47
296,Thompson,CA,55.7435,-97.8558,77.16,77.16,24.16,40,36
297,Sept-Îles,CA,50.2001,-66.3821,72.48,73.92,8.99,75,57
298,Souillac,MU,-20.5167,57.5167,68.38,68.38,12.66,40,68
299,Tallahassee,US,30.4383,-84.2807,84.43,88,4,90,81
300,Faya,SA,18.3851,42.4509,68.52,69.91,3.47,100,62
301,Coahuayana Viejo,MX,18.7333,-103.6833,90.88,90.88,6.82,36,61
302,Punta de Bombón,PE,-17.1717,-71.7931,61.12,61.12,8.63,80,79
303,Diofior,SN,14.1833,-16.6667,81.52,81.52,8.43,100,76
304,Korla,CN,41.7597,86.1469,72.97,72.97,2.26,100,41
305,Camopi,GF,3.1655,-52.3158,80.65,80.65,3.67,31,74
306,Ust'-Ilimsk,RU,58.0006,102.6619,55.17,55.17,4.03,100,86
307,Katsuura,JP,35.1333,140.3,68.02,68.11,13.27,100,95
308,Vao,NC,-22.6667,167.4833,68.74,68.74,18.23,92,63
309,Tavricheskoye,RU,54.5851,73.6395,60.71,60.71,5.1,38,60
310,Palmares do Sul,BR,-30.2578,-50.5097,60.3,60.3,4.38,17,86
311,Pandan,PH,14.0453,124.1694,78.01,78.01,1.41,93,84
312,Sonāmura,IN,23.4719,91.2664,78.24,78.24,6.76,100,96
313,Kilindoni,TZ,-7.9139,39.6668,76.12,76.12,17.96,5,78
314,Soubre,CI,5.7856,-6.6083,72.7,72.7,4.65,48,81
315,Coyhaique,CL,-45.5752,-72.0662,47.01,47.01,4.65,100,80
316,Geraldton,AU,-28.7667,114.6,59.41,59.41,16.11,0,38
317,George Town,MY,5.4112,100.3354,78.13,78.89,0,20,90
318,Sena Madureira,BR,-9.0656,-68.6569,97.18,97.18,1.36,5,23
320,Leszno,PL,51.8403,16.5749,66.6,66.61,5.61,97,58
322,Bilibino,RU,68.0546,166.4372,40.78,40.78,2.46,100,92
323,Tumbes,PE,-3.5667,-80.4414,76.95,76.95,10.36,75,73
324,Rovnoye,RU,50.7765,46.0509,74.39,74.39,1.72,99,36
325,Chropyně,CZ,49.3564,17.3645,73.9,75.16,2.08,69,78
326,Maryville,US,35.7565,-83.9705,83.1,88.14,12.66,90,72
327,Marsá Maţrūḩ,EG,31.3525,27.2453,79,79,6.91,0,73
328,Ipixuna,BR,-1.7625,-48.8043,85.95,85.95,3.96,98,82
329,Yuancheng,CN,36.652,107.7896,62.01,62.01,5.17,97,92
330,Guerrero Negro,MX,27.9769,-114.0611,80.55,80.55,15.37,6,57
331,Kysyl-Syr,RU,63.8986,122.7617,49.8,49.8,3.02,100,83
332,Kinshasa,CD,-4.3246,15.3215,84.58,86.32,5.75,40,61
334,Ilulissat,GL,69.2167,-51.1,44.62,44.62,8.05,75,93
335,Bria,CF,6.5423,21.9863,68.54,68.54,2.77,100,99
336,Kutum,SD,14.2,24.6667,77.14,77.14,5.3,76,60
337,Imbituba,BR,-28.24,-48.6703,67.89,67.89,5.95,27,96
338,Bundaberg,AU,-24.85,152.35,60.22,60.22,5.75,40,97
339,Bubaque,GW,11.2833,-15.8333,78.17,78.17,8.84,100,82
340,Meulaboh,ID,4.1363,96.1285,75.36,75.36,8.41,100,89
341,Karatsu,JP,33.4425,129.9697,73.29,73.29,2.8,100,96
342,Khabary,RU,53.6259,79.5345,58.3,58.3,3,43,65
343,Salinópolis,BR,-0.6136,-47.3561,79.18,79.18,7.99,43,84
344,Jijila,RO,45.3,28.15,70.05,70.05,6.64,0,60
345,Mattru,SL,7.6244,-11.8332,73.51,73.51,2.77,100,92
346,Chicla,PE,-11.705,-76.2686,48.6,48.6,7.72,88,64
347,Barinas,VE,8.6226,-70.2075,87.84,87.84,10.36,69,58
348,Lebedinyy,RU,58.5167,125.5167,61.23,61.23,11.34,14,68
349,Lompoc,US,34.6391,-120.4579,72.48,90.01,14.97,1,75
350,Chui,UY,-33.6971,-53.4616,56.28,56.28,4.34,38,94
351,Harindānga,IN,22.0383,88.3214,85.98,85.98,5.66,100,85
352,Talnakh,RU,69.4865,88.3972,54.86,54.86,15.08,100,96
353,Kavaratti,IN,10.5669,72.642,80.51,80.51,18.28,94,81
354,Krasnoarmeysk,RU,51.0239,45.6969,70.07,75.15,3.51,97,29
355,Grindavik,IS,63.8424,-22.4338,52.14,52.27,9.22,75,100
357,Lamu,KE,-2.2717,40.902,77.22,77.22,15.7,14,82
358,Jiexiu,CN,37.0244,111.9125,66.61,66.61,3.29,1,79
359,Lahaina,US,20.8783,-156.6825,80.6,82.4,6.53,3,68
360,Poanas,MX,25.7667,-103.6167,89.92,91.33,7.96,25,33
361,Anderson,US,34.5334,-82.6499,83.32,87.17,1.01,1,73
362,Mitsamiouli,KM,-11.3847,43.2844,77.04,77.04,5.82,7,71
363,Riyadh,SA,24.6877,46.7219,95.14,95.14,8.5,8,16
365,Xam Nua,LA,20.4197,104.0439,66.2,66.2,2.26,100,98
366,Kahului,US,20.8947,-156.47,81,82.98,14.97,40,75
367,Cuauhtémoc,MX,28.4167,-106.8667,74.71,74.71,12.95,75,44
368,Junction City,US,39.0286,-96.8314,86.65,89.15,5.99,20,50
369,Faanui,PF,-16.4833,-151.75,79.03,79.03,12.15,10,72
370,Shelburne,CA,44.0787,-80.2041,73.06,75.85,3.96,1,38
372,Chaman,PK,30.9236,66.4512,77.02,77.02,4.21,0,14
373,Beaumont,US,30.0861,-94.1019,91.31,93.24,5.75,40,61
374,Pinega,RU,64.7001,43.3936,57.63,57.63,10.92,94,90
376,Pitimbu,BR,-7.4706,-34.8086,77.59,77.59,15.12,50,75
377,Yar-Sale,RU,66.8333,70.8333,49.95,49.95,14.92,83,78
378,Goderich,CA,43.7501,-81.7165,70.45,75.2,9.22,0,60
379,Coruripe,BR,-10.1256,-36.1756,72.32,72.32,9.28,86,79
380,Maniitsoq,GL,65.4167,-52.9,45.43,45.43,2.98,100,97
382,Huambo,AO,-12.7761,15.7392,63.64,63.64,1.21,52,26
383,Mokhsogollokh,RU,61.4681,128.9203,62.85,62.85,1.92,89,92
384,Mackay,AU,-21.15,149.2,66.18,66.18,9.22,90,88
385,Nadvoitsy,RU,63.8667,34.3167,54.07,54.07,8.41,92,95
386,Humberto de Campos,BR,-2.5983,-43.4611,77.76,77.76,6.22,72,82
387,Lüderitz,NA,-26.6481,15.1594,57.13,57.13,7.36,1,70
388,Ogbomosho,NG,8.133,4.25,77.18,77.18,4.92,100,96
389,Muisne,EC,0.6,-80.0333,76.84,76.84,12.08,88,79
390,Najrān,SA,17.4924,44.1277,88.45,88.45,3.29,94,18
392,Okha,RU,53.5739,142.9478,57.38,57.38,9.51,4,82
393,San Rafael,AR,-34.6177,-68.3301,65.17,65.17,7.25,92,18
395,Laas,IT,46.6166,10.7002,73.74,74.28,2.89,5,80
396,Khorramabad,IR,33.4878,48.3558,78.48,78.48,0.63,0,16
398,Araouane,ML,18.9048,-3.5265,98.83,98.83,8.16,63,26
399,Seoul,KR,37.5683,126.9778,72.46,76.44,5.75,0,73
400,Van,TR,38.4924,43.3831,69.15,69.15,2.3,20,43
401,Kavieng,PG,-2.5744,150.7967,81.95,81.95,10.42,95,76
402,Yenagoa,NG,4.9247,6.2642,75.33,75.33,3.78,86,91
403,Grand Baie,MU,-20.0182,57.5802,64.45,68.47,1.99,66,79
404,Qasigiannguit,GL,68.8193,-51.1922,44.85,44.85,7.85,98,87
405,Carutapera,BR,-1.195,-46.02,76.23,76.23,8.72,54,90
406,Jacksonville Beach,US,30.2947,-81.3931,86.23,89.06,4,1,69
407,Hualmay,PE,-11.0964,-77.6139,65.8,65.8,11.92,44,73
408,Bundibugyo,UG,0.7414,30.0417,64.94,64.94,3.2,20,88
411,Jaguarari,BR,-10.2639,-40.1958,67.86,67.86,7.56,82,68
412,Beitbridge,ZW,-22.2167,30,59.7,59.7,7.65,0,66
413,Yabrūd,SY,33.9674,36.6574,69.46,69.46,2.28,0,50
414,Winnemucca,US,40.973,-117.7357,98.65,98.65,0,1,12
415,Arman',RU,59.7,150.1667,57.87,57.87,3.09,100,92
416,Kiama,AU,-34.6833,150.8667,57.38,58.37,12.68,0,44
417,Karratha,AU,-20.7377,116.8463,71.82,71.82,13.96,82,58
418,Hasaki,JP,35.7333,140.8333,68.4,68.4,15.1,100,84
419,Fort Nelson,CA,58.8053,-122.7002,63.99,63.99,6.91,75,63
420,Codrington,AU,-38.2667,141.9667,52.66,52.66,20.13,54,62
421,Sydney,AU,-33.8679,151.2073,47.84,51.37,1.99,0,64
422,Makat,KZ,47.6469,53.3463,76.89,76.89,4.9,0,18
423,Kununurra,AU,-15.7667,128.7333,78.78,78.78,9.22,99,27
424,Ixtapa,MX,20.7,-105.2,87.03,88.23,8.05,20,70
425,Nhulunbuy,AU,-12.2333,136.7667,74.01,74.01,5.75,0,88
426,Turbat,PK,26.0023,63.044,79.56,79.56,5.08,31,78
427,Brae,GB,60.3964,-1.353,48.11,48.11,14.61,100,75
428,Shakiso,ET,5.75,38.9167,59.7,59.7,1.83,100,83
430,Umluj,SA,25.0213,37.2685,89.2,89.2,8.48,1,49
431,Biała Podlaska,PL,52.0324,23.1165,66.94,66.94,2.37,100,85
432,Touros,BR,-5.1989,-35.4608,79.7,79.7,21.54,23,73
433,Aquin,HT,18.2833,-73.4,84.67,84.67,3.83,79,72
434,Oranjemund,NA,-28.55,16.4333,57.78,57.78,8.41,0,65
436,Rāzole,IN,16.4833,81.8333,75.85,75.85,8.03,100,94
437,Moose Factory,CA,51.2585,-80.6094,82.38,82.4,19.57,20,39
438,Likasi,CD,-10.9814,26.7333,63.41,63.41,3.87,0,43
439,Taoudenni,ML,22.6783,-3.9836,104.58,104.58,8.05,87,9
440,Sturgeon Bay,US,44.8342,-87.377,80.8,82.36,9.22,20,47
441,Hobyo,SO,5.3505,48.5268,77.22,77.22,24.74,32,83
442,Rawson,AR,-43.3002,-65.1023,64.54,64.54,20.45,98,22
443,Synya,RU,65.3718,58.0387,55.51,55.51,9.42,79,82
445,Eilat,IL,29.5581,34.9482,94.84,94.84,16.11,0,34
446,Dunedin,NZ,-45.8742,170.5036,52.81,52.81,8.99,84,42
447,Talcahuano,CL,-36.7167,-73.1167,51.48,51.48,23.02,90,93
449,Ikungi,TZ,-5.1333,34.7667,62.08,62.08,10.11,46,55
450,Narsaq,GL,60.9167,-46.05,61.02,61.02,3.78,97,97
451,Casa Nova,BR,-9.4167,-41.1333,85.98,85.98,19.73,94,46
452,Lagoa,PT,39.05,-27.9833,71.24,71.24,8.21,99,79
453,Barcelos,PT,41.5388,-8.6151,64.89,70.68,5.55,0,75
454,Rio Tuba,PH,8.5061,117.4317,81.66,81.66,7.49,99,78
455,Tecpan,GT,14.7623,-90.9947,63.28,65.52,4.25,100,83
456,Vestmanna,FO,62.1564,-7.1664,45.52,45.52,5.75,19,81
457,Magaria,NE,12.9983,8.9099,83.46,83.46,4.85,100,62
458,Wakkanai,JP,45.4094,141.6739,61.21,61.21,4.5,9,81
459,Severo-Kuril'sk,RU,50.6789,156.125,55.92,55.92,13,27,87
461,Kismayo,SO,-0.3582,42.5454,75.67,75.67,16.62,10,82
462,Norman Wells,CA,65.282,-126.8329,55.44,55.44,3.44,90,88
463,Kautokeino,NO,69.0125,23.0412,44.29,44.29,11.36,99,74
464,Hurghada,EG,27.2574,33.8129,93.24,93.24,14.97,0,21
465,Koumac,NC,-20.5667,164.2833,68.11,68.11,4.99,6,68
466,Sinegorskiy,RU,48.0139,40.8447,72.01,72.01,0.87,99,67
467,Mount Isa,AU,-20.7333,139.5,64.17,64.17,16.11,0,34
468,Yangi Marg`ilon,UZ,40.4272,71.7189,75.92,75.92,16.11,0,22
469,San Policarpo,PH,12.1791,125.5072,80.56,80.56,2.84,92,78
470,Takoradze,GH,4.8845,-1.7554,75.65,75.65,8.77,35,81
471,Gizo Government Station,SB,-8.103,156.8419,81.7,81.7,6.73,83,77
472,Krasnokamensk,RU,50.0979,118.0369,58.1,58.1,1.16,6,83
473,Aba,NG,5.1066,7.3667,78.42,78.42,4.34,97,89
474,Am Timan,TD,11.0297,20.2827,74.08,74.08,3.49,88,90
475,Marolambo,MG,-20.05,48.1167,56.5,56.5,2.8,87,93
476,Muros,ES,42.7762,-9.0603,65.8,66.15,11.27,0,74
477,Mathbaria,BD,22.2876,89.9593,81.23,81.23,4.68,100,89
478,Iguape,BR,-24.7081,-47.5553,66.16,66.16,7.11,62,92
480,Atar,MR,20.5169,-13.0499,103.93,103.93,4.27,100,12
481,Afzalpur,IN,17.2,76.35,77.74,77.74,15.41,98,72
482,Örnsköldsvik,SE,63.2909,18.7153,52.75,55.22,4.61,47,100
483,Huilong,CN,31.8111,121.655,78.04,78.04,4.65,33,94
484,Vostok,RU,46.4856,135.8833,56.25,56.25,2.75,84,92
485,Yantal',RU,56.8471,105.2542,56.7,56.7,4.59,100,97
486,Campbellsville,US,37.3434,-85.3419,81.05,86.14,1.01,100,63
487,Nizhniye Vyazovyye,RU,55.7988,48.5248,66.83,66.83,3.24,35,75
488,Balabac,PH,7.9868,117.0645,80.78,80.78,8.9,95,80
489,Enshi,CN,30.3,109.4833,69.37,69.37,0.11,96,97
490,São Félix do Xingu,BR,-6.6447,-51.995,90.73,90.73,2.71,16,25
491,Mahébourg,MU,-20.4081,57.7,68.29,68.29,12.66,40,68
492,North Bend,US,43.4065,-124.2243,68.65,71.17,9.22,40,73
493,Saiha,IN,22.4833,92.9667,72.14,72.14,1.12,100,100
494,Kroya,ID,-7.6331,109.2461,75.83,75.83,7.61,71,91
495,Worland,US,44.0169,-107.9554,88.59,90.88,5.75,1,22
496,Assiut,EG,27.181,31.1837,87.98,87.98,9.53,0,19
497,Arrondissement de Rennes,FR,48.1667,-1.6667,63.86,64.72,11.5,90,68
498,Monterey,US,36.2505,-121.2516,90.3,98.06,16.75,0,15
499,Hansot,IN,21.5833,72.8,82.45,82.45,8.81,91,74
500,Westport,US,41.1415,-73.3579,80.35,85.08,1.01,1,52
501,Vardø,NO,70.3705,31.1107,44.8,44.8,17.13,100,77
502,Bentiu,SS,9.2333,29.8333,72.3,72.3,1.88,100,90
503,Tombouctou,ML,20,-3,98.96,98.96,9.89,64,23
504,Nuuk,GL,64.1835,-51.7216,47.01,47.01,6.91,75,100
505,Carballo,ES,43.213,-8.691,64.02,65.07,6.98,4,88
506,Caohe,CN,30.2297,115.4335,73.85,73.85,0.89,100,96
507,Alim,PH,9.5649,122.4876,78.93,78.93,3.13,100,81
508,Doha,QA,25.2867,51.5333,95.29,96.78,10.36,0,36
509,Ust'-Koksa,RU,50.2696,85.6108,47.53,47.53,0.74,5,94
510,Oruzgan,AF,32.8333,66,70.52,70.52,0.76,0,17
511,Iki-Burul,RU,45.8208,44.6472,66.54,66.54,3.13,100,81
512,Challapata,BO,-18.9,-66.7667,51.01,51.01,5.28,10,14
513,Kemijärvi,FI,66.7131,27.4306,48.99,48.99,10.87,100,95
514,Bonnyville,CA,54.2668,-110.735,80.26,80.4,4.68,95,33
515,Zhangye,CN,38.9342,100.4517,77.02,77.02,5.55,33,35
516,Chara,RU,56.9064,118.2631,58.55,58.55,2.35,28,72
517,Esfarāyen,IR,37.0765,57.5101,64.06,64.06,5.12,0,24
518,Horodyshche,UA,49.2849,31.4451,68.61,68.61,3.22,1,56
519,Inírida,CO,3.8653,-67.9239,78.51,78.51,2.55,94,94
520,Madison,US,34.7334,-86.5667,85.12,89.28,1.99,75,73
521,Gari,RU,59.4307,62.3497,62.85,62.85,3.71,95,65
523,Gorontalo,ID,0.5412,123.0595,72.88,72.88,2.59,75,95
524,Mahon,ES,39.8885,4.2658,81.16,81.16,5.75,0,83
525,Ayaviri,PE,-14.8864,-70.5889,58.98,58.98,6.33,86,25
526,Kadoma,JP,34.7333,135.5833,73.4,75.18,3.44,75,94
527,Conceição do Castelo,BR,-20.3683,-41.2439,61.45,61.45,3.89,27,95
528,Ylivieska,FI,64.0833,24.55,56.28,58.32,3.85,100,97
529,Changji,CN,44.0167,87.3167,66.99,66.99,2.24,0,77
530,Rabo de Peixe,PT,37.8,-25.5833,74.71,74.71,9.22,40,83
531,Sinnamary,GF,5.3833,-52.95,75.97,75.97,9.33,98,83
532,Salto,UY,-31.3833,-57.9667,66.36,66.36,5.75,0,59
533,Kristinehamn,SE,59.3098,14.1081,56.64,60.78,10.4,95,87
534,Beringovskiy,RU,63.05,179.3167,45.43,45.43,9.73,100,91
535,Guasdualito,VE,7.2424,-70.7324,81.45,81.45,3.36,46,78
536,Abancay,PE,-13.6339,-72.8814,70.74,70.74,9.46,61,41
537,Kāvali,IN,14.9167,79.9833,79.9,79.9,7.61,100,75
538,Bandarbeyla,SO,9.4942,50.8122,78.22,78.22,27.04,90,75
539,Trelew,AR,-43.249,-65.3051,66.54,66.54,14.5,97,15
540,Salta,AR,-24.7859,-65.4117,68.77,70.39,8.01,0,28
541,Banda Aceh,ID,5.5577,95.3222,78.4,78.4,8.46,100,78
542,Matara,LK,5.9485,80.5353,77.7,77.7,12.68,100,86
543,Santa Maria,BR,-29.6842,-53.8069,70.9,70.9,1.14,20,53
544,Ulladulla,AU,-35.35,150.4667,52.38,57.09,11.7,0,44
545,Freeport,US,40.6576,-73.5832,81.36,86.25,5.01,1,52
546,Egvekinot,RU,66.3167,-179.1667,46.06,46.06,3.74,75,62
547,Klenovyy,UA,48.1193,39.4588,66.76,66.76,1.59,100,76
548,Kabo,CF,7.6994,18.629,71.64,71.64,3.11,72,95
549,Tocopilla,CL,-22.092,-70.1979,64.51,64.51,9.91,18,66
550,Dukat,RU,62.55,155.55,50.25,50.25,4.68,16,68
551,Moussoro,TD,13.6408,16.4901,85.05,85.05,9.6,47,53
552,Santa Cruz de La Palma,ES,28.6835,-17.7642,77.14,77.14,17.27,0,78
553,Luoyang,CN,34.6836,112.4536,71.91,71.91,3.71,100,88
554,Macapá,BR,0.0389,-51.0664,93.18,93.18,5.75,0,59
555,Ténenkou,ML,14.4572,-4.9169,82.18,82.18,6.2,83,64
556,Half Moon Bay,US,37.4636,-122.4286,74.05,94.57,8.05,40,69
557,Zhangjiakou,CN,40.81,114.8794,63.84,63.84,3.04,79,95
558,Tessalit,ML,20.1986,1.0114,98.31,98.31,2.59,53,17
559,Ouésso,CG,1.6136,16.0517,75.54,75.54,1.16,36,73
560,Asău,RO,46.4333,26.4,64.96,67.12,3.51,12,91
561,Boa Esperança do Sul,BR,-21.9925,-48.3908,78.58,78.58,5.48,1,30
562,Panabá,MX,21.2833,-88.2667,80.76,80.76,8.55,97,79
563,Ondjiva,AO,-17.0667,15.7333,64.99,64.99,6.51,0,22
565,Baijiantan,CN,45.6333,85.1833,74.61,74.61,4.21,100,44
566,Ust-Nera,RU,64.5667,143.2,59.63,59.63,7.58,100,87
567,Esim,GH,4.8699,-2.2405,76.17,76.17,8.43,39,80
568,Neiafu,TO,-18.65,-173.9833,72.28,72.28,2.3,40,64
569,Wanning,CN,18.8003,110.3967,80.04,80.04,7.76,49,90
570,Yibin,CN,28.7667,104.6238,75.34,75.34,1.54,100,95
571,Rakai,UG,-0.72,31.4839,63.39,63.39,1.16,11,65
572,Kupang,ID,-10.1667,123.5833,75.24,75.24,7.7,0,83
573,Pocatello,US,42.8713,-112.4455,87.71,87.71,3.44,75,16
574,Oriximiná,BR,-1.7656,-55.8661,83.57,83.57,1.63,19,72
575,Jiaojiang,CN,28.6803,121.4428,78.3,78.3,3.38,100,97
576,Lazurne,UA,46.084,32.5295,72.79,72.79,7.74,3,59
577,Valparaíso,CL,-33.0393,-71.6273,52.54,54.52,11.5,90,85
579,Xichang,CN,27.8964,102.2634,64.24,64.24,1.88,99,93
580,Ovsyanka,RU,55.9575,92.5519,49.17,49.17,3.78,18,71
581,Švenčionys,LT,55.15,26.1667,54.82,54.82,5.03,7,94
582,Tahara,JP,34.6667,137.2667,78.19,78.24,11.16,100,84
583,Japura,ID,-0.3167,102.35,72.48,72.48,2.26,98,99
586,Tayu,ID,-6.5397,111.0518,76.55,76.55,9.1,28,83
587,Dzhebariki-Khaya,RU,62.2167,135.8,62.02,62.02,3.18,96,93
588,Bermeo,ES,43.4209,-2.7215,67.96,68.49,7.45,27,83
589,Balkanabat,TM,39.5108,54.3671,82.81,82.81,15.48,0,15
590,Baykit,RU,61.67,96.37,53.8,53.8,1.81,90,94
591,Magistral'nyy,RU,56.1725,107.4458,59.94,59.94,4.21,100,97
592,Richards Bay,ZA,-28.783,32.0377,62.33,62.33,5.82,12,83
593,Concarneau,FR,47.875,-3.9225,61.48,63.05,16.26,99,90
594,Domingos Martins,BR,-20.3633,-40.6592,65.21,65.21,2.39,98,95
595,São João da Barra,BR,-21.6403,-41.0511,73.49,73.49,9.01,90,76
597,Zelenoborsk,RU,61.4669,64.0333,57.76,57.76,4.45,4,76
598,Jarwal,IN,27.1667,81.55,81,81,4.41,84,82
599,Mount Gambier,AU,-37.8333,140.7667,49.91,49.91,9.22,75,93
600,Tsiroanomandidy,MG,-18.7667,46.0333,59.94,59.94,4.09,0,56
601,Menongue,AO,-14.6585,17.691,60.13,60.13,4.27,1,29
602,Plettenberg Bay,ZA,-34.0527,23.3716,58.26,58.26,4.7,0,64
603,Arlit,NE,18.7369,7.3853,94.78,94.78,10.8,90,24
604,Mayumba,GA,-3.432,10.6554,73.44,73.44,7.2,83,92
605,Upington,ZA,-28.4478,21.2561,64.78,64.78,8.05,0,48
606,Praia,CV,14.9215,-23.5087,81.14,81.14,14.97,75,74
607,Grand-Lahou,CI,5.1367,-5.0242,74.52,74.52,6.78,15,81
608,Antofagasta,CL,-23.65,-70.4,58.28,58.28,6.22,27,74
610,Marawi,PH,7.9986,124.2928,65.64,65.64,2.98,100,94
611,Bodden Town,KY,19.2833,-81.25,87.96,89.01,1.01,75,71
612,Viranşehir,TR,37.2353,39.7631,85.78,85.78,8.03,0,22
613,La Ronge,CA,55.1001,-105.2842,77.25,79.02,8.05,20,31
614,Amahai,ID,-3.3333,128.9167,76.05,76.05,2.86,54,86
615,Soeng Sang,TH,14.4264,102.4606,72.79,72.79,3.96,100,94
616,Yaan,NG,7.3833,8.5667,73.38,73.38,5.88,98,94
617,Alta Floresta,BR,-9.8756,-56.0861,96.62,96.62,4.61,20,26
618,Tahoua,NE,14.8888,5.2692,84.18,84.18,4.61,20,65
619,Joshīmath,IN,30.5667,79.5667,66.34,66.34,1.81,31,82
620,Wamba,NG,8.9333,8.6,72.1,72.1,2.46,98,95
621,Cienfuegos,CU,22.1461,-80.4356,89.74,94.01,2.3,40,66
622,West Freehold,US,40.2421,-74.3013,82.15,87.66,1.01,1,46
